{
  "project_info": {
    "project_number": "800618481997",
    "firebase_url": "https://ziploan-partner-54d57.firebaseio.com",
    "project_id": "ziploan-partner-54d57",
    "storage_bucket": "ziploan-partner-54d57.appspot.com"
  },
  "client": [
    {
      "client_info": {
        "mobilesdk_app_id": "1:800618481997:android:7ddef956f72508440b0f04",
        "android_client_info": {
          "package_name": "com.ziploan.dsaapp"
        }
      },
      "oauth_client": [
        {
          "client_id": "800618481997-97v78q11mod8jpulq79naok62u6cq662.apps.googleusercontent.com",
          "client_type": 3
        }
      ],
      "api_key": [
        {
          "current_key": "AIzaSyBA62f_w68vhDCFwTGRP7mhBL24HbEIFa4"
        }
      ],
      "services": {
        "appinvite_service": {
          "other_platform_oauth_client": [
            {
              "client_id": "800618481997-97v78q11mod8jpulq79naok62u6cq662.apps.googleusercontent.com",
              "client_type": 3
            }
          ]
        }
      }
    }
  ],
  "configuration_version": "1"
}